{"assets/cart/empty-cart.png":["assets/cart/empty-cart.png"],"assets/mobile_money/airtel.png":["assets/mobile_money/airtel.png"],"assets/mobile_money/mtn.png":["assets/mobile_money/mtn.png"],"assets/welcome/iphone15.png":["assets/welcome/iphone15.png"],"packages/cupertino_icons/assets/CupertinoIcons.ttf":["packages/cupertino_icons/assets/CupertinoIcons.ttf"],"packages/quickalert/assets/confirm.gif":["packages/quickalert/assets/confirm.gif"],"packages/quickalert/assets/error.gif":["packages/quickalert/assets/error.gif"],"packages/quickalert/assets/info.gif":["packages/quickalert/assets/info.gif"],"packages/quickalert/assets/loading.gif":["packages/quickalert/assets/loading.gif"],"packages/quickalert/assets/success.gif":["packages/quickalert/assets/success.gif"],"packages/quickalert/assets/warning.gif":["packages/quickalert/assets/warning.gif"],"packages/serverpod_auth_google_flutter/assets/google-icon.png":["packages/serverpod_auth_google_flutter/assets/google-icon.png"],"shorebird.yaml":["shorebird.yaml"]}